timestamp,metric_trace_score,log_score,log_rate,score,label,pred,threshold
2022-03-26 12:00:00,0.9344243521005998,0.417854550369672,0.1,0.976209807137567,1,0,1.21009879
2022-03-26 12:01:00,0.9770943631598208,0.5056614836926239,0.1,1.027660511529083,1,0,1.21009879
2022-03-26 12:02:00,0.8210014077122526,0.5059471573565216,0.1,0.8715961234479048,1,0,1.21009879
2022-03-26 12:03:00,0.7811707674286195,0.4661166145083228,0.1,0.8277824288794517,0,0,1.21009879
2022-03-26 12:04:00,0.7836019444130745,0.4815188077738403,0.1,0.8317538251904586,0,0,1.21009879
2022-03-26 12:05:00,0.7924115549389233,0.5065857374196362,0.1,0.8430701286808869,0,0,1.21009879
2022-03-26 12:06:00,0.8100315924323941,0.3833833470453461,0.1,0.8483699271369287,0,0,1.21009879
2022-03-26 12:07:00,0.942468351763437,0.3487028029820739,0.1,0.9773386320616444,0,0,1.21009879
2022-03-26 12:08:00,0.7162220353897559,0.544420310109162,0.1,0.7706640664006721,0,0,1.21009879
2022-03-26 12:09:00,0.7284070844273323,0.543993953169278,0.1,0.7828064797442601,0,0,1.21009879
2022-03-26 12:10:00,0.758697782614582,0.522228967235883,0.1,0.8109206793381702,0,0,1.21009879
2022-03-26 12:11:00,0.8472196091820455,0.4383752017964745,0.1,0.891057129361693,0,0,1.21009879
2022-03-26 12:12:00,0.802538298373717,0.4887246534301069,0.1,0.8514107637167277,0,0,1.21009879
2022-03-26 12:13:00,0.6891322968051325,0.4354099334562555,0.1,0.7326732901507581,0,0,1.21009879
2022-03-26 12:14:00,0.6274292304011209,0.5816594275104707,0.1,0.6855951731521679,0,0,1.21009879
2022-03-26 12:15:00,0.6110263541686072,0.4646954335902495,0.1,0.6574958975276322,0,0,1.21009879
2022-03-26 12:16:00,0.7729692989436909,0.4688671457510976,0.1,0.8198560135188007,0,0,1.21009879
2022-03-26 12:17:00,0.5124781952378308,0.5783644323094719,0.1,0.570314638468778,0,0,1.21009879
2022-03-26 12:18:00,0.5047079718747692,0.5069615992510854,0.1,0.5554041317998778,0,0,1.21009879
2022-03-26 12:19:00,0.6222330201573979,0.3408678791912053,0.1,0.6563198080765185,0,0,1.21009879
2022-03-26 12:20:00,1.1674399129117063,0.5200267252066133,0.1,1.2194425854323676,1,1,1.21009879
2022-03-26 12:21:00,1.5526755711226423,0.4024928163975579,0.1,1.592924852762398,1,1,1.21009879
2022-03-26 12:22:00,1.5399552503181717,0.4933358715987497,0.1,1.5892888374780467,1,1,1.21009879
2022-03-26 12:23:00,1.518430624400275,0.5033500591221632,0.1,1.5687656303124913,1,1,1.21009879
2022-03-26 12:24:00,1.4674476533183252,0.5024965143141017,0.1,1.5176973047497353,1,1,1.21009879
2022-03-26 12:25:00,1.4115975721822465,0.4852886016663806,0.1,1.4601264323488845,1,1,1.21009879
2022-03-26 12:26:00,1.5251492857888778,0.5082642628290568,0.1,1.5759757120717834,1,1,1.21009879
2022-03-26 12:27:00,1.252276603248354,0.4576485038753715,0.1,1.2980414536358913,1,1,1.21009879
2022-03-26 12:28:00,2.0758697981564747,0.4272711354091674,0.1,2.1185969116973915,1,1,1.21009879
2022-03-26 12:29:00,1.6689383249173757,0.3793776050330041,0.1,1.7068760854206761,1,1,1.21009879
2022-03-26 12:30:00,1.4437270722433873,0.4603945779577938,0.1,1.4897665300391667,1,1,1.21009879
2022-03-26 12:31:00,0.8144026231000528,0.5066395730380351,0.1,0.8650665804038563,0,0,1.21009879
2022-03-26 12:32:00,0.5574249381059774,0.6278284365906514,0.1,0.6202077817650425,0,0,1.21009879
2022-03-26 12:33:00,0.4952625398438076,0.5107080589307066,0.1,0.5463333457368782,0,0,1.21009879
2022-03-26 12:34:00,0.940640820613588,0.465991285594187,0.1,0.9872399491730067,0,0,1.21009879
2022-03-26 12:35:00,0.6449778206994492,0.452302289284375,0.1,0.6902080496278867,0,0,1.21009879
2022-03-26 12:36:00,0.8883340137705724,0.4218175228222675,0.1,0.9305157660527992,0,0,1.21009879
2022-03-26 12:37:00,0.6811148821676045,0.3286160640431124,0.1,0.7139764885719158,0,0,1.21009879
2022-03-26 12:38:00,0.6476325366571738,0.458022077792474,0.1,0.6934347444364212,0,0,1.21009879
2022-03-26 12:39:00,0.5820138066393713,0.5543753416425241,0.1,0.6374513408036238,0,0,1.21009879
2022-03-26 12:40:00,0.5784191507673315,0.4958487263739422,0.1,0.6280040234047257,0,0,1.21009879
2022-03-26 12:41:00,0.4244923160061945,0.5121980779203649,0.1,0.475712123798231,0,0,1.21009879
2022-03-26 12:42:00,0.4939744907999513,0.4841552397690581,0.1,0.5423900147768571,0,0,1.21009879
2022-03-26 12:43:00,0.630393805443944,0.6021114468191349,0.1,0.6906049501258574,0,0,1.21009879
2022-03-26 12:44:00,0.7798805146258868,0.3598797399895214,0.1,0.815868488624839,0,0,1.21009879
2022-03-26 12:45:00,0.5798855438734405,0.4598634275014756,0.1,0.6258718866235881,0,0,1.21009879
2022-03-26 12:46:00,0.5460132385382777,0.516855336757202,0.1,0.5976987722139978,0,0,1.21009879
2022-03-26 12:47:00,0.597869215496674,0.4899268209283423,0.1,0.6468618975895083,0,0,1.21009879
2022-03-26 12:48:00,0.4668041536950928,0.491693007053217,0.1,0.5159734544004145,0,0,1.21009879
2022-03-26 12:49:00,0.4356380719117954,0.5245692437815429,0.1,0.4880949962899497,0,0,1.21009879
2022-03-26 12:50:00,1.7060164783773633,0.376773641939861,0.1,1.7436938425713493,1,1,1.21009879
2022-03-26 12:51:00,3.994148741315231,0.395383191552619,0.1,4.033687060470493,1,1,1.21009879
2022-03-26 12:52:00,4.308688574394594,0.4787913724334078,0.1,4.356567711637935,1,1,1.21009879
2022-03-26 12:53:00,3.4819105808826505,0.4479522528772551,0.1,3.526705806170376,1,1,1.21009879
2022-03-26 12:54:00,5.048707126603284,0.4194956713783839,0.1,5.090656693741122,1,1,1.21009879
2022-03-26 12:55:00,2.504575883921478,0.5121400764587626,0.1,2.555789891567354,1,1,1.21009879
2022-03-26 12:56:00,0.5365747931649024,0.5213073974915692,0.1,0.5887055329140594,0,0,1.21009879
2022-03-26 12:57:00,0.5204479480721449,0.4643455084760611,0.1,0.566882498919751,0,0,1.21009879
2022-03-26 12:58:00,0.5615670475360621,0.3413408173931392,0.1,0.595701129275376,0,0,1.21009879
2022-03-26 12:59:00,0.7175512203524146,0.4501600919375793,0.1,0.7625672295461725,0,0,1.21009879
2022-03-26 13:00:00,0.5989320093230907,0.5281113386551574,0.1,0.6517431431886064,0,0,1.21009879
2022-03-26 13:01:00,0.4248591276423132,0.4970371834031587,0.1,0.4745628459826291,0,0,1.21009879
2022-03-26 13:02:00,0.429729975937264,0.4930673410505383,0.1,0.4790367100423178,0,0,1.21009879
2022-03-26 13:03:00,0.5774910927409839,0.4773996085391969,0.1,0.6252310535949036,0,0,1.21009879
2022-03-26 13:04:00,0.7843751417458564,0.3665502569609416,0.1,0.8210301674419506,0,0,1.21009879
2022-03-26 13:05:00,0.7773063458011141,0.3316225771397557,0.1,0.8104686035150896,0,0,1.21009879
2022-03-26 13:06:00,0.7450114537321932,0.4943543765021086,0.1,0.7944468913824041,0,0,1.21009879
2022-03-26 13:07:00,0.5718996964882358,0.4516535143932615,0.1,0.6170650479275619,0,0,1.21009879
2022-03-26 13:08:00,0.5058492919352423,0.5204014719640357,0.1,0.5578894391316459,0,0,1.21009879
2022-03-26 13:09:00,0.4245680830247403,0.5210442006176496,0.1,0.4766725030865053,0,0,1.21009879
2022-03-26 13:10:00,0.5596042264569768,0.4919543768188044,0.1,0.6087996641388572,0,0,1.21009879
2022-03-26 13:11:00,0.7115640373947628,0.5401279172158326,0.1,0.7655768291163461,0,0,1.21009879
2022-03-26 13:12:00,0.7039837104106123,0.5877923832929198,0.1,0.7627629487399042,0,0,1.21009879
2022-03-26 13:13:00,0.7999907542173673,0.3368658039036373,0.1,0.8336773346077311,0,0,1.21009879
2022-03-26 13:14:00,0.5470401288177463,0.5161257926367131,0.1,0.5986527080814177,0,0,1.21009879
2022-03-26 13:15:00,0.5716529039290323,0.403135711456242,0.1,0.6119664750746565,0,0,1.21009879
2022-03-26 13:16:00,0.5734920675687724,0.4298247261648089,0.1,0.6164745401852533,0,0,1.21009879
2022-03-26 13:17:00,0.5661638442518645,0.5288923763482132,0.1,0.6190530818866858,0,0,1.21009879
2022-03-26 13:18:00,0.6936745919543549,0.4904251069817006,0.1,0.742717102652525,0,0,1.21009879
2022-03-26 13:19:00,0.4805636812194644,0.574991765184658,0.1,0.5380628577379302,0,0,1.21009879
2022-03-26 13:20:00,0.7648503951206584,0.396445576678154,0.1,0.8044949527884738,1,0,1.21009879
2022-03-26 13:21:00,1.4070271037268325,0.5157819727549213,0.1,1.4586053010023246,1,1,1.21009879
2022-03-26 13:22:00,1.5201349415765864,0.4450807450952254,0.1,1.564643016086109,1,1,1.21009879
2022-03-26 13:23:00,1.8596198735411744,0.5112051027923671,0.1,1.9107403838204111,1,1,1.21009879
2022-03-26 13:24:00,2.519265670850313,0.4980624067566219,0.1,2.5690719115259752,1,1,1.21009879
2022-03-26 13:25:00,2.6269866247315554,0.4416753197389254,0.1,2.6711541567054478,1,1,1.21009879
2022-03-26 13:26:00,2.3271634164848605,0.4536412962005879,0.1,2.3725275461049193,1,1,1.21009879
2022-03-26 13:27:00,1.696076906766914,0.5468561776505257,0.1,1.7507625245319665,0,1,1.21009879
2022-03-26 13:28:00,1.3604262539380618,0.5181584238270919,0.1,1.412242096320771,0,1,1.21009879
2022-03-26 13:29:00,1.122898859963421,0.3898352751100783,0.1,1.1618823874744288,0,0,1.21009879
2022-03-26 13:30:00,0.9065837174202692,0.5033473630203,0.1,0.9569184537222992,0,0,1.21009879
2022-03-26 13:31:00,0.510129721372467,0.4715700889690629,0.1,0.5572867302693734,0,0,1.21009879
2022-03-26 13:32:00,0.8612276554232267,0.3988192176539586,0.1,0.9011095771886225,0,0,1.21009879
2022-03-26 13:33:00,0.5082914947586098,0.5273895613496001,0.1,0.5610304508935698,0,0,1.21009879
2022-03-26 13:34:00,0.4886134779745416,0.5195455948763988,0.1,0.5405680374621815,0,0,1.21009879
2022-03-26 13:35:00,0.5863208524194822,0.4956045327897415,0.1,0.6358813056984564,0,0,1.21009879
2022-03-26 13:36:00,0.6221938874915696,0.4866085040368511,0.1,0.6708547378952546,0,0,1.21009879
2022-03-26 13:37:00,0.7172012530479268,0.4226354205104877,0.1,0.7594647950989756,0,0,1.21009879
2022-03-26 13:38:00,0.474162770867592,0.4789808318741939,0.1,0.5220608540550113,0,0,1.21009879
2022-03-26 13:39:00,0.5458530954990389,0.4351560477201279,0.1,0.5893687002710517,0,0,1.21009879
2022-03-26 13:40:00,0.4465314706159645,0.5417216748256148,0.1,0.5007036380985259,0,0,1.21009879
2022-03-26 13:41:00,0.4122882423568208,0.4894857091097505,0.1,0.46123681326779586,0,0,1.21009879
2022-03-26 13:42:00,0.5956378157488329,0.543315932073347,0.1,0.6499694089561676,0,0,1.21009879
2022-03-26 13:43:00,0.4331843016905579,0.4780813527657153,0.1,0.4809924369671294,0,0,1.21009879
2022-03-26 13:44:00,0.4896483644589402,0.4615210250490095,0.1,0.5358004669638412,0,0,1.21009879
2022-03-26 13:45:00,0.9102496410636272,0.3308281033264096,0.1,0.9433324513962681,0,0,1.21009879
2022-03-26 13:46:00,0.7923638182818538,0.4761397584715499,0.1,0.8399777941290087,0,0,1.21009879
2022-03-26 13:47:00,0.5478914575998405,0.505404340270509,0.1,0.5984318916268914,0,0,1.21009879
2022-03-26 13:48:00,0.5976733991984639,0.5470198193744913,0.1,0.652375381135913,0,0,1.21009879
2022-03-26 13:49:00,0.6163717649274513,0.3811557204618594,0.1,0.6544873369736373,0,0,1.21009879
2022-03-26 13:50:00,1.356129554858319,0.4145794576367405,0.1,1.397587500621993,1,1,1.21009879
2022-03-26 13:51:00,1.8562034826342508,0.6675481315391008,0.1,1.922958295788161,1,1,1.21009879
2022-03-26 13:52:00,1.7629314505530975,0.572939117728488,0.1,1.8202253623259463,1,1,1.21009879
2022-03-26 13:53:00,14.386494930234017,0.6872162260792865,0.1,14.455216552841945,1,1,1.21009879
2022-03-26 13:54:00,4.3909869257701,0.7155874153268799,0.1,4.462545667302789,1,1,1.21009879
2022-03-26 13:55:00,2.393555175097208,0.6913162392048254,0.1,2.4626867990176904,1,1,1.21009879
2022-03-26 13:56:00,1.906095369264388,0.680843192683181,0.1,1.974179688532706,0,1,1.21009879
2022-03-26 13:57:00,1.3818525447227132,0.6936896549409531,0.1,1.4512215102168085,0,1,1.21009879
2022-03-26 13:58:00,1.212728524879443,0.6889080688859676,0.1,1.2816193317680398,0,1,1.21009879
2022-03-26 13:59:00,0.8474282216371579,0.688261109271931,0.1,0.9162543325643511,0,0,1.21009879
2022-03-26 14:00:00,1.043775423549561,0.5702399803685817,0.1,1.1007994215864192,0,0,1.21009879
2022-03-26 14:01:00,2.0557892994896227,0.6769731904016391,0.1,2.1234866185297867,0,1,1.21009879
2022-03-26 14:02:00,1.2397742895167607,0.6452117039677305,0.1,1.3042954599135337,0,1,1.21009879
2022-03-26 14:03:00,1.1338233751569284,0.6992468922303127,0.1,1.2037480643799596,0,0,1.21009879
2022-03-26 14:04:00,1.1969352749461788,0.6592044249394012,0.1,1.262855717440119,0,1,1.21009879
2022-03-26 14:05:00,0.6687986869957463,0.6702340401053241,0.1,0.7358220910062787,0,0,1.21009879
2022-03-26 14:06:00,0.7359008111391749,0.6365916362574193,0.1,0.7995599747649169,0,0,1.21009879
2022-03-26 14:07:00,0.791634066186066,0.6144661910030873,0.1,0.8530806852863747,0,0,1.21009879
2022-03-26 14:08:00,0.7800271730619821,0.6606931984332257,0.1,0.8460964929053046,0,0,1.21009879
2022-03-26 14:09:00,0.7796534881142582,0.6607369147780651,0.1,0.8457271795920647,0,0,1.21009879
2022-03-26 14:10:00,0.6284566277503784,0.6432461233782238,0.1,0.6927812400882007,0,0,1.21009879
2022-03-26 14:11:00,1.0655963321817052,0.681961702315625,0.1,1.1337925024132678,0,0,1.21009879
2022-03-26 14:12:00,0.7661082148839287,0.69360035009783,0.1,0.8354682498937117,0,0,1.21009879
2022-03-26 14:13:00,0.910926495156911,0.675491923350072,0.1,0.9784756874919183,0,0,1.21009879
2022-03-26 14:14:00,0.9261970302568122,0.7164915089018735,0.1,0.9978461811469995,0,0,1.21009879
2022-03-26 14:15:00,0.9346001585022036,0.6350785781516189,0.1,0.9981080163173655,0,0,1.21009879
2022-03-26 14:16:00,0.96232805254024,0.6860554066348717,0.1,1.0309335932037271,0,0,1.21009879
2022-03-26 14:17:00,0.6807225242764646,0.7000909037493702,0.1,0.7507316146514016,0,0,1.21009879
2022-03-26 14:18:00,0.8039878068251312,0.6412047114414295,0.1,0.8681082779692741,0,0,1.21009879
2022-03-26 14:19:00,0.4665316382823091,0.6478507414138817,0.1,0.5313167124236973,0,0,1.21009879
2022-03-26 14:20:00,1.390013535500014,0.693785679488374,0.1,1.4593921034488515,1,1,1.21009879
2022-03-26 14:21:00,5.089411704330621,0.6804079340421776,0.1,5.157452497734838,1,1,1.21009879
2022-03-26 14:22:00,3.002534014947353,0.5684896927315936,0.1,3.0593829842205125,1,1,1.21009879
2022-03-26 14:23:00,4.13688466882051,0.6907126849259398,0.1,4.205955937313104,1,1,1.21009879
2022-03-26 14:24:00,3.7787441193270346,0.6886844584179029,0.1,3.847612565168825,1,1,1.21009879
2022-03-26 14:25:00,3.2836305472394747,0.7408721489297393,0.1,3.3577177621324488,1,1,1.21009879
2022-03-26 14:26:00,0.9863939349274108,0.6943644912336522,0.1,1.055830384050776,0,0,1.21009879
2022-03-26 14:27:00,0.864725337146951,0.5565741558690741,0.1,0.9203827527338584,0,0,1.21009879
2022-03-26 14:28:00,0.8267040623955499,0.6800171103709327,0.1,0.8947057734326432,0,0,1.21009879
2022-03-26 14:29:00,0.7962348849359329,0.7039156585014618,0.1,0.866626450786079,0,0,1.21009879
2022-03-26 14:30:00,0.8097180815110415,0.5612745532550322,0.1,0.8658455368365447,0,0,1.21009879
2022-03-26 14:31:00,0.9225922182073368,0.6309232651221691,0.1,0.9856845447195537,0,0,1.21009879
2022-03-26 14:32:00,0.7625631067216868,0.6658039834591726,0.1,0.829143505067604,0,0,1.21009879
2022-03-26 14:33:00,0.6804276446499996,0.677005734090125,0.1,0.7481282180590121,0,0,1.21009879
2022-03-26 14:34:00,0.9045348582474652,0.6886357536457149,0.1,0.9733984336120367,0,0,1.21009879
2022-03-26 14:35:00,0.8750046576097467,0.6343496552417297,0.1,0.9384396231339196,0,0,1.21009879
2022-03-26 14:36:00,0.6375787007050958,0.6888463866995878,0.1,0.7064633393750546,0,0,1.21009879
2022-03-26 14:37:00,1.026356460981503,0.648304265359152,0.1,1.0911868875174182,0,0,1.21009879
2022-03-26 14:38:00,0.7327841741974006,0.6011451523988283,0.1,0.7928986894372835,0,0,1.21009879
2022-03-26 14:39:00,0.6209484057396704,0.6707300218121569,0.1,0.6880214079208861,0,0,1.21009879
2022-03-26 14:40:00,0.6124370499908968,0.6915973262173831,0.1,0.6815967826126351,0,0,1.21009879
2022-03-26 14:41:00,0.5697027860214956,0.702808875855606,0.1,0.6399836736070562,0,0,1.21009879
2022-03-26 14:42:00,0.7114411474093156,0.7122622257421917,0.1,0.7826673699835348,0,0,1.21009879
2022-03-26 14:43:00,0.5195547357307049,0.6823088644491165,0.1,0.5877856221756166,0,0,1.21009879
2022-03-26 14:44:00,0.6506452939506602,0.6693676081408849,0.1,0.7175820547647487,0,0,1.21009879
2022-03-26 14:45:00,0.7623895908634677,0.595713615165929,0.1,0.8219609523800606,0,0,1.21009879
2022-03-26 14:46:00,0.7786050787031555,0.6056980738701687,0.1,0.8391748860901724,0,0,1.21009879
2022-03-26 14:47:00,0.6925525240625985,0.6947544594595878,0.1,0.7620279700085573,0,0,1.21009879
2022-03-26 14:48:00,0.4786764483504267,0.6910814809540659,0.1,0.5477845964458333,0,0,1.21009879
2022-03-26 14:49:00,0.6761462202179606,0.7124840001225508,0.1,0.7473946202302156,0,0,1.21009879
2022-03-26 14:50:00,5.66753269057662,0.6842636539140853,0.1,5.735959055968029,1,1,1.21009879
2022-03-26 14:51:00,73.13769490086604,0.6849571722488986,0.1,73.20619061809093,1,1,1.21009879
2022-03-26 14:52:00,46.21918759977519,0.5688300228620073,0.1,46.27607060206139,1,1,1.21009879
2022-03-26 14:53:00,101.8222733532479,0.644833716913822,0.1,101.88675672493927,1,1,1.21009879
2022-03-26 14:54:00,45.09310506880197,0.7025345616819726,0.1,45.163358524970164,1,1,1.21009879
2022-03-26 14:55:00,138.61455343718126,0.6832149872311807,0.1,138.68287493590438,1,1,1.21009879
2022-03-26 14:56:00,2.1915849106335075,0.7207410640037054,0.1,2.263659017033878,0,1,1.21009879
2022-03-26 14:57:00,1.1730782469058103,0.6913221972225716,0.1,1.2422104666280676,0,1,1.21009879
2022-03-26 14:58:00,1.075357806644345,0.5763747573699921,0.1,1.1329952823813443,0,0,1.21009879
2022-03-26 14:59:00,0.7450891469872793,0.6023451511479702,0.1,0.8053236621020764,0,0,1.21009879
2022-03-26 15:00:00,0.603214640286947,0.6445086041717658,0.1,0.6676655007041237,0,0,1.21009879
2022-03-26 15:01:00,0.5126909880877966,0.7083185635099422,0.1,0.5835228444387908,0,0,1.21009879
2022-03-26 15:02:00,0.476740013071133,0.6800034609470904,0.1,0.5447403591658421,0,0,1.21009879
2022-03-26 15:03:00,0.4808146839125787,0.6613659100364793,0.1,0.5469512749162266,0,0,1.21009879
2022-03-26 15:04:00,0.6241017634603305,0.7352494666346219,0.1,0.6976267101237927,0,0,1.21009879
2022-03-26 15:05:00,0.5028527117578097,0.6092672011499071,0.1,0.5637794318728003,0,0,1.21009879
2022-03-26 15:06:00,0.9302092432212938,0.5697369903552072,0.1,0.9871829422568146,0,0,1.21009879
2022-03-26 15:07:00,0.7208422593483736,0.7175755895963825,0.1,0.7925998183080118,0,0,1.21009879
2022-03-26 15:08:00,0.6787302643122225,0.706956952678262,0.1,0.7494259595800487,0,0,1.21009879
2022-03-26 15:09:00,0.5302043985177044,0.6941821921395356,0.1,0.5996226177316579,0,0,1.21009879
2022-03-26 15:10:00,0.6108441286240959,0.6642353286044912,0.1,0.677267661484545,0,0,1.21009879
2022-03-26 15:11:00,0.5238427146283386,0.6844822198475179,0.1,0.5922909366130904,0,0,1.21009879
2022-03-26 15:12:00,0.6609048419658655,0.6451880071773729,0.1,0.7254236426836028,0,0,1.21009879
2022-03-26 15:13:00,0.7979789736009647,0.5915700364120731,0.1,0.857135977242172,0,0,1.21009879
2022-03-26 15:14:00,0.5908716559910158,0.6817283900468903,0.1,0.6590444949957048,0,0,1.21009879
2022-03-26 15:15:00,0.5527489368572942,0.6759082886889926,0.1,0.6203397657261934,0,0,1.21009879
2022-03-26 15:16:00,0.8308669288366828,0.6789910912193783,0.1,0.8987660379586206,0,0,1.21009879
2022-03-26 15:17:00,0.3876060292636629,0.6548535932724672,0.1,0.4530913885909096,0,0,1.21009879
2022-03-26 15:18:00,0.5012371930533085,0.6996470807456655,0.1,0.5712019011278751,0,0,1.21009879
2022-03-26 15:19:00,0.529973210269505,0.7078020002328186,0.1,0.6007534102927868,0,0,1.21009879
2022-03-26 15:20:00,0.7765062718682355,0.7017757334522093,0.1,0.8466838452134564,1,0,1.21009879
2022-03-26 15:21:00,0.9782058169943832,0.6918296777934597,0.1,1.0473887847737293,1,0,1.21009879
2022-03-26 15:22:00,1.0431314073550657,0.6694377769671574,0.1,1.1100751850517814,1,0,1.21009879
2022-03-26 15:23:00,1.3278118597729542,0.573367237164359,0.1,1.3851485834893902,1,1,1.21009879
2022-03-26 15:24:00,1.9193789143638165,0.6947538637286534,0.1,1.988854300736682,1,1,1.21009879
2022-03-26 15:25:00,1.1496040403601853,0.6824467667913882,0.1,1.2178487170393242,1,1,1.21009879
2022-03-26 15:26:00,0.7228825584433418,0.6894304294256914,0.1,0.791825601385911,0,0,1.21009879
2022-03-26 15:27:00,0.7283496202285135,0.6518177755714235,0.1,0.7935313977856558,0,0,1.21009879
2022-03-26 15:28:00,0.9890151120000876,0.6791352576706638,0.1,1.056928637767154,0,0,1.21009879
2022-03-26 15:29:00,0.7726298722857846,0.6782221997788909,0.1,0.8404520922636737,0,0,1.21009879
2022-03-26 15:30:00,0.7918796980263745,0.5481971256831832,0.1,0.8466994105946928,0,0,1.21009879
2022-03-26 15:31:00,0.883101120269238,0.691132217560207,0.1,0.9522143420252588,0,0,1.21009879
2022-03-26 15:32:00,0.7597842664218335,0.6881948627744614,0.1,0.8286037526992797,0,0,1.21009879
2022-03-26 15:33:00,0.6989865661250064,0.6885955303576013,0.1,0.7678461191607666,0,0,1.21009879
2022-03-26 15:34:00,0.5460688704193297,0.6112683740389132,0.1,0.6071957078232211,0,0,1.21009879
2022-03-26 15:35:00,0.4708505080504638,0.6811757902071629,0.1,0.53896808707118,0,0,1.21009879
2022-03-26 15:36:00,1.0033856671995625,0.7052294765099634,0.1,1.0739086148505588,0,0,1.21009879
2022-03-26 15:37:00,0.5425642286156034,0.6543660593257347,0.1,0.6080008345481769,0,0,1.21009879
2022-03-26 15:38:00,0.6429446472728954,0.6590063116244775,0.1,0.7088452784353431,0,0,1.21009879
2022-03-26 15:39:00,0.3750685716405337,0.6127082925610771,0.1,0.4363394008966414,0,0,1.21009879
2022-03-26 15:40:00,0.5944932163407272,0.6742957710051743,0.1,0.6619227934412446,0,0,1.21009879
2022-03-26 15:41:00,0.4629522369398915,0.6908893546150485,0.1,0.5320411724013964,0,0,1.21009879
2022-03-26 15:42:00,0.6182367620224385,0.7027785314291098,0.1,0.6885146151653495,0,0,1.21009879
2022-03-26 15:43:00,0.8636316708898587,0.6588767412815024,0.1,0.9295193450180089,0,0,1.21009879
2022-03-26 15:44:00,0.7033033893301129,0.6941595445244434,0.1,0.7727193437825572,0,0,1.21009879
2022-03-26 15:45:00,0.5641210784571369,0.5655397586268177,0.1,0.6206750543198186,0,0,1.21009879
2022-03-26 15:46:00,0.966809330720527,0.6382020821825432,0.1,1.0306295389387814,0,0,1.21009879
2022-03-26 15:47:00,0.5220109914949148,0.7013678557452007,0.1,0.5921477770694349,0,0,1.21009879
2022-03-26 15:48:00,0.6765373014590119,0.6836097698392183,0.1,0.7448982784429338,0,0,1.21009879
2022-03-26 15:49:00,0.5268724531422754,0.6752137415331513,0.1,0.5943938272955905,0,0,1.21009879
2022-03-26 15:50:00,2.3439298553973797,0.6501819297799907,0.1,2.408948048375379,1,1,1.21009879
2022-03-26 15:51:00,8.267776574800214,0.6493496257322476,0.1,8.33271153737344,1,1,1.21009879
2022-03-26 15:52:00,4.973711383749425,0.667161317887785,0.1,5.0404275155382035,1,1,1.21009879
2022-03-26 15:53:00,2.559082365938796,0.5818594986085854,0.1,2.617268315799654,1,1,1.21009879
2022-03-26 15:54:00,1.5122046156066782,0.6886344954909694,0.1,1.5810680651557751,0,1,1.21009879
2022-03-26 15:55:00,0.940788892557856,0.5466546013954138,0.1,0.9954543526973973,0,0,1.21009879
2022-03-26 15:56:00,0.9015386965094034,0.6387721434278056,0.1,0.965415910852184,0,0,1.21009879
2022-03-26 15:57:00,0.8092056839669074,0.7076020131478394,0.1,0.8799658852816914,0,0,1.21009879
2022-03-26 15:58:00,0.5427868325897952,0.7150118048108778,0.1,0.614288013070883,0,0,1.21009879
2022-03-26 15:59:00,0.64451924001159,0.6613573015710553,0.1,0.7106549701686955,0,0,1.21009879
2022-03-26 16:00:00,0.5747000350906606,0.6549494254905815,0.1,0.6401949776397188,0,0,1.21009879
2022-03-26 16:01:00,0.6111334016687628,0.6362338300508703,0.1,0.6747567846738499,0,0,1.21009879
2022-03-26 16:02:00,0.7396724489410187,0.6394367246123926,0.1,0.8036161214022579,0,0,1.21009879
2022-03-26 16:03:00,0.7221774566875593,0.7339458565625866,0.1,0.795572042343818,0,0,1.21009879
2022-03-26 16:04:00,0.597680496033034,0.657485101660657,0.1,0.6634290061990997,0,0,1.21009879
2022-03-26 16:05:00,0.6249368527158361,0.6979478522734195,0.1,0.694731637943178,0,0,1.21009879
2022-03-26 16:06:00,0.6354127385468976,0.6636983338298573,0.1,0.7017825719298834,0,0,1.21009879
2022-03-26 16:07:00,1.018376074533749,0.6437390810381396,0.1,1.0827499826375628,0,0,1.21009879
2022-03-26 16:08:00,0.7513110974987862,0.6621895816883082,0.1,0.817530055667617,0,0,1.21009879
2022-03-26 16:09:00,0.7807621477253234,0.634138140574792,0.1,0.8441759617828026,0,0,1.21009879
2022-03-26 16:10:00,0.7598863932867691,0.6690093365323702,0.1,0.8267873269400061,0,0,1.21009879
2022-03-26 16:11:00,0.8744232012149676,0.5832080247908741,0.1,0.9327440036940551,0,0,1.21009879
2022-03-26 16:12:00,0.674043164879176,0.7191229183650985,0.1,0.7459554567156859,0,0,1.21009879
2022-03-26 16:13:00,0.6412987374880412,0.6841671663835329,0.1,0.7097154541263945,0,0,1.21009879
2022-03-26 16:14:00,0.5920985875573963,0.7006928420658215,0.1,0.6621678717639785,0,0,1.21009879
2022-03-26 16:15:00,1.071618306029494,0.6891399233297446,0.1,1.1405322983624684,0,0,1.21009879
2022-03-26 16:16:00,0.9398488980148184,0.6559139266344987,0.1,1.0054402906782682,0,0,1.21009879
2022-03-26 16:17:00,0.976427705410349,0.6358226031738616,0.1,1.040009965727735,0,0,1.21009879
2022-03-26 16:18:00,0.6885117975036488,0.6552910228943115,0.1,0.7540408997930799,0,0,1.21009879
2022-03-26 16:19:00,0.578541005054444,0.7085944318026085,0.1,0.6494004482347048,0,0,1.21009879
2022-03-26 16:20:00,11.334667656231977,0.7143337270229847,0.1,11.406101028934275,1,1,1.21009879
2022-03-26 16:21:00,46.61974436606971,0.7097900342376967,0.1,46.69072336949348,1,1,1.21009879
2022-03-26 16:22:00,36.7114393058294,0.6956279227546228,0.1,36.781002098104864,1,1,1.21009879
2022-03-26 16:23:00,49.168959160874095,0.6917620952058346,0.1,49.23813537039468,1,1,1.21009879
2022-03-26 16:24:00,60.17748425144166,0.550099553033024,0.1,60.23249420674497,1,1,1.21009879
2022-03-26 16:25:00,19.557256643991835,0.6575537333021857,0.1,19.623012017322054,1,1,1.21009879
2022-03-26 16:26:00,1.9109265965524016,0.6531343631950601,0.1,1.9762400328719076,0,1,1.21009879
2022-03-26 16:27:00,0.9591648617357827,0.684203663313396,0.1,1.0275852280671223,0,0,1.21009879
2022-03-26 16:28:00,1.062214768192268,0.7176482588114754,0.1,1.1339795940734156,0,0,1.21009879
2022-03-26 16:29:00,0.7022855741549232,0.7184123035067891,0.1,0.7741268045056021,0,0,1.21009879
2022-03-26 16:30:00,0.6636827123339669,0.6930438489688253,0.1,0.7329870972308494,0,0,1.21009879
2022-03-26 16:31:00,0.6618133749189178,0.5760406441579361,0.1,0.7194174393347114,0,0,1.21009879
2022-03-26 16:32:00,0.7910025258998368,0.6622964076202289,0.1,0.8572321666618596,0,0,1.21009879
2022-03-26 16:33:00,0.579573501168794,0.6873252180930746,0.1,0.6483060229781015,0,0,1.21009879
2022-03-26 16:34:00,0.9626461312667184,0.6839000979865265,0.1,1.031036141065371,0,0,1.21009879
2022-03-26 16:35:00,0.620909963433997,0.6735507589360551,0.1,0.6882650393276024,0,0,1.21009879
2022-03-26 16:36:00,0.5451403057084371,0.6430038595197752,0.1,0.6094406916604146,0,0,1.21009879
2022-03-26 16:37:00,0.5082289388515817,0.7616209453224616,0.1,0.5843910333838279,0,0,1.21009879
2022-03-26 16:38:00,0.5948672298517076,0.6140203406328127,0.1,0.6562692639149889,0,0,1.21009879
2022-03-26 16:39:00,0.5383650850120804,0.708364632684251,0.1,0.6092015482805054,0,0,1.21009879
2022-03-26 16:40:00,0.6302191173091319,0.6554612114796644,0.1,0.6957652384570984,0,0,1.21009879
2022-03-26 16:41:00,0.4786198352858736,0.6660648804050735,0.1,0.545226323326381,0,0,1.21009879
2022-03-26 16:42:00,0.4735195144846895,0.6904743829523445,0.1,0.542566952779924,0,0,1.21009879
2022-03-26 16:43:00,0.5500758468732828,0.7635708122787799,0.1,0.6264329281011608,0,0,1.21009879
2022-03-26 16:44:00,0.5966814114228686,0.5577544572669866,0.1,0.6524568571495672,0,0,1.21009879
2022-03-26 16:45:00,0.543401984432899,0.7011005877898034,0.1,0.6135120432118794,0,0,1.21009879
2022-03-26 16:46:00,0.4944539199278305,0.5571582868603963,0.1,0.5501697486138701,0,0,1.21009879
2022-03-26 16:47:00,0.5665358311578754,0.6616858315715767,0.1,0.6327044143150331,0,0,1.21009879
2022-03-26 16:48:00,0.6142267436940808,0.6794807637724574,0.1,0.6821748200713266,0,0,1.21009879
2022-03-26 16:49:00,0.4774932291692194,0.7185883013423259,0.1,0.549352059303452,0,0,1.21009879
2022-03-26 16:50:00,0.5646772382987747,0.6573112415848982,0.1,0.6304083624572645,0,0,1.21009879
2022-03-26 16:51:00,0.6487604681552921,0.6440399728176098,0.1,0.713164465437053,0,0,1.21009879
2022-03-26 16:52:00,0.6119523032201263,0.6155843017007127,0.1,0.6735107333901975,0,0,1.21009879
2022-03-26 16:53:00,0.6653492288555547,0.615569725055543,0.1,0.726906201361109,0,0,1.21009879
2022-03-26 16:54:00,0.7770768761890013,0.6422733384824142,0.1,0.8413042100372428,0,0,1.21009879
2022-03-26 16:55:00,0.5507582474042116,0.6618960783712748,0.1,0.6169478552413391,0,0,1.21009879
2022-03-26 16:56:00,0.6934095912457479,0.7321208982400914,0.1,0.766621681069757,0,0,1.21009879
2022-03-26 16:57:00,0.4408053055257495,0.6812354142704987,0.1,0.5089288469527994,0,0,1.21009879
2022-03-26 16:58:00,0.4280381438779783,0.7005487939475737,0.1,0.49809302327273564,0,0,1.21009879
2022-03-26 16:59:00,0.5544463016553766,0.662082225064104,0.1,0.6206545241617869,0,0,1.21009879
2022-03-26 17:00:00,1.17406260979044,0.5952247143803354,0.1,1.2335850812284737,1,1,1.21009879
2022-03-26 17:01:00,1.588753876302743,0.7125724361619201,0.1,1.660011119918935,1,1,1.21009879
2022-03-26 17:02:00,1.7745071852554988,0.6402589346738279,0.1,1.8385330787228815,1,1,1.21009879
2022-03-26 17:03:00,1.6704688290759209,0.6634738874879877,0.1,1.7368162178247197,1,1,1.21009879
2022-03-26 17:04:00,2.0376575291619163,0.6849222675650005,0.1,2.1061497559184166,1,1,1.21009879
2022-03-26 17:05:00,1.6010148684765162,0.7013728449112044,0.1,1.6711521529676365,1,1,1.21009879
2022-03-26 17:06:00,1.1908037090359609,0.6729188701084264,0.1,1.2580955960468034,0,1,1.21009879
2022-03-26 17:07:00,0.9395173230140522,0.6604295952518074,0.1,1.005560282539233,0,0,1.21009879
2022-03-26 17:08:00,0.7249182815289998,0.6873254024685078,0.1,0.7936508217758507,0,0,1.21009879
2022-03-26 17:09:00,0.7244776864668804,0.5742539734885319,0.1,0.7819030838157336,0,0,1.21009879
2022-03-26 17:10:00,0.6548907657777813,0.6904520652572546,0.1,0.7239359723035067,0,0,1.21009879
2022-03-26 17:11:00,1.0122577584851653,0.5789930585563037,0.1,1.0701570643407956,0,0,1.21009879
2022-03-26 17:12:00,0.4955494109644,0.638300609200029,0.1,0.5593794718844028,0,0,1.21009879
2022-03-26 17:13:00,0.8771838507648987,0.6781807829665224,0.1,0.9450019290615509,0,0,1.21009879
2022-03-26 17:14:00,0.5942836770791774,0.7224613654376253,0.1,0.66652981362294,0,0,1.21009879
2022-03-26 17:15:00,0.4747267861104013,0.6976366937824257,0.1,0.5444904554886438,0,0,1.21009879
2022-03-26 17:16:00,0.6329868231977691,0.6608004418748206,0.1,0.6990668673852511,0,0,1.21009879
2022-03-26 17:17:00,0.6443388715853491,0.6326999236787316,0.1,0.7076088639532222,0,0,1.21009879
2022-03-26 17:18:00,0.7617929588374688,0.6988588220647522,0.1,0.831678841043944,0,0,1.21009879
2022-03-26 17:19:00,0.6980063326938346,0.5543978053181096,0.1,0.7534461132256456,0,0,1.21009879
2022-03-26 17:20:00,0.9986934533658874,0.6466066701101587,0.1,1.0633541203769032,1,0,1.21009879
2022-03-26 17:21:00,2.860710040615308,0.7023276225623509,0.1,2.9309428028715434,1,1,1.21009879
2022-03-26 17:22:00,3.4132575344546745,0.6876198988368094,0.1,3.4820195243383556,1,1,1.21009879
2022-03-26 17:23:00,3.976700442960451,0.6968399303594174,0.1,4.0463844359963925,1,1,1.21009879
2022-03-26 17:24:00,4.449851456896804,0.6662123191656142,0.1,4.516472688813365,1,1,1.21009879
2022-03-26 17:25:00,4.365307372361926,0.6499619649410989,0.1,4.4303035688560355,1,1,1.21009879
2022-03-26 17:26:00,2.6534696143636363,0.6570483078121315,0.1,2.7191744451448496,0,1,1.21009879
2022-03-26 17:27:00,2.1069520168646063,0.6699955669504893,0.1,2.173951573559655,0,1,1.21009879
2022-03-26 17:28:00,1.899479021151496,0.700772206097096,0.1,1.9695562417612056,0,1,1.21009879
2022-03-26 17:29:00,1.0623307252344083,0.6910930478150689,0.1,1.131440030015915,0,0,1.21009879
2022-03-26 17:30:00,0.6726369585657346,0.6720398349860962,0.1,0.7398409420643441,0,0,1.21009879
2022-03-26 17:31:00,0.777433159788577,0.7016128715361143,0.1,0.8475944469421884,0,0,1.21009879
2022-03-26 17:32:00,0.7356138468432792,0.6109754244084196,0.1,0.7967113892841212,0,0,1.21009879
2022-03-26 17:33:00,0.8277722149747214,0.5250835766473998,0.1,0.8802805726394614,0,0,1.21009879
2022-03-26 17:34:00,0.4581190126724364,0.666897088222679,0.1,0.5248087214947043,0,0,1.21009879
2022-03-26 17:35:00,0.741183272299191,0.6962358563155591,0.1,0.8108068579307469,0,0,1.21009879
2022-03-26 17:36:00,0.6336669591996528,0.7297982587883686,0.1,0.7066467850784897,0,0,1.21009879
2022-03-26 17:37:00,0.6049699732741627,0.6531028883745101,0.1,0.6702802621116137,0,0,1.21009879
2022-03-26 17:38:00,0.7429888041754487,0.671144801389094,0.1,0.8101032843143581,0,0,1.21009879
2022-03-26 17:39:00,0.7295226249408209,0.6674082294835502,0.1,0.7962634478891759,0,0,1.21009879
2022-03-26 17:40:00,0.8230240142973211,0.6496133072178927,0.1,0.8879853450191103,0,0,1.21009879
2022-03-26 17:41:00,0.6589992653816057,0.7224004443454245,0.1,0.7312393098161482,0,0,1.21009879
2022-03-26 17:42:00,0.5538460177400601,0.6770934806707873,0.1,0.6215553658071389,0,0,1.21009879
2022-03-26 17:43:00,0.6518944441243677,0.6748477483083563,0.1,0.7193792189552033,0,0,1.21009879
2022-03-26 17:44:00,0.6808091752162938,0.6820027103566172,0.1,0.7490094462519555,0,0,1.21009879
2022-03-26 17:45:00,0.7003668210481424,0.665631156261394,0.1,0.7669299366742818,0,0,1.21009879
2022-03-26 17:46:00,0.5814689971280274,0.5517833074987076,0.1,0.6366473278778981,0,0,1.21009879
2022-03-26 17:47:00,0.6186582799286571,0.6547004582080046,0.1,0.6841283257494575,0,0,1.21009879
2022-03-26 17:48:00,0.5816604120597119,0.7163406537315931,0.1,0.6532944774328712,0,0,1.21009879
2022-03-26 17:49:00,0.6337571013548701,0.7000060997117037,0.1,0.7037577113260405,0,0,1.21009879
2022-03-26 17:50:00,0.5125281374993655,0.6695455186213325,0.1,0.5794826893614988,0,0,1.21009879
2022-03-26 17:51:00,0.8443718235256513,0.6806443593588384,0.1,0.9124362594615352,1,0,1.21009879
2022-03-26 17:52:00,1.2870105438675634,0.6792358190911637,0.1,1.3549341257766798,1,1,1.21009879
2022-03-26 17:53:00,1.9917475208084905,0.6878706715456441,0.1,2.0605345879630548,1,1,1.21009879
2022-03-26 17:54:00,2.070533310932834,0.4549740583635331,0.1,2.1160307167691874,1,1,1.21009879
2022-03-26 17:55:00,2.025926842383016,0.6415342704184982,0.1,2.090080269424866,1,1,1.21009879
2022-03-26 17:56:00,2.011286087670937,0.6475542463345175,0.1,2.0760415123043887,1,1,1.21009879
2022-03-26 17:57:00,1.5557870541113552,0.7032151317815047,0.1,1.6261085672895057,0,1,1.21009879
2022-03-26 17:58:00,0.7381501559034058,0.6826537614728055,0.1,0.8064155320506864,0,0,1.21009879
2022-03-26 17:59:00,0.6991451763112818,0.6579188878667159,0.1,0.7649370650979535,0,0,1.21009879
2022-03-26 18:00:00,0.844442972981542,0.71249866854375,0.1,0.915692839835917,0,0,1.21009879
2022-03-26 18:01:00,0.8517856127103497,0.5713344469973285,0.1,0.9089190574100825,0,0,1.21009879
2022-03-26 18:02:00,0.6121088307930483,0.6648036739367701,0.1,0.6785891981867254,0,0,1.21009879
2022-03-26 18:03:00,0.5674197721884813,0.6019036263777855,0.1,0.6276101348262598,0,0,1.21009879
2022-03-26 18:04:00,0.7526858787303178,0.6866321422455118,0.1,0.821349092954869,0,0,1.21009879
2022-03-26 18:05:00,0.8220490212139716,0.6761112670071283,0.1,0.8896601479146844,0,0,1.21009879
2022-03-26 18:06:00,0.7615615467153295,0.7338232987379452,0.1,0.8349438765891241,0,0,1.21009879
2022-03-26 18:07:00,0.7072230224010532,0.6892482338648691,0.1,0.77614784578754,0,0,1.21009879
2022-03-26 18:08:00,0.6228039059278333,0.6904479542787642,0.1,0.6918487013557097,0,0,1.21009879
2022-03-26 18:09:00,0.9120933222699424,0.7349051040841091,0.1,0.9855838326783534,0,0,1.21009879
2022-03-26 18:10:00,0.764835697597102,0.6127359210570991,0.1,0.8261092897028119,0,0,1.21009879
2022-03-26 18:11:00,0.6512867285497734,0.6726771967790866,0.1,0.7185544482276821,0,0,1.21009879
2022-03-26 18:12:00,0.5498481317469679,0.644611183436066,0.1,0.6143092500905745,0,0,1.21009879
2022-03-26 18:13:00,0.625642960070566,0.5947959394064483,0.1,0.6851225540112108,0,0,1.21009879
2022-03-26 18:14:00,0.6839499540889833,0.6673781234133295,0.1,0.7506877664303162,0,0,1.21009879
2022-03-26 18:15:00,0.6111757130761353,0.6893251501126203,0.1,0.6801082280873973,0,0,1.21009879
2022-03-26 18:16:00,0.6754634969528837,0.7092639425272598,0.1,0.7463898912056096,0,0,1.21009879
2022-03-26 18:17:00,0.4596712791801828,0.751421705198648,0.1,0.5348134497000476,0,0,1.21009879
2022-03-26 18:18:00,0.8227475800071911,0.6765506344372637,0.1,0.8904026434509175,0,0,1.21009879
2022-03-26 18:19:00,0.6663601317121278,0.6798497178656698,0.1,0.7343451034986948,0,0,1.21009879
2022-03-26 18:20:00,0.8667433876446022,0.5786032633346041,0.1,0.9246037139780626,0,0,1.21009879
2022-03-26 18:21:00,0.5919877807868629,0.64957043206976,0.1,0.6569448239938389,0,0,1.21009879
2022-03-26 18:22:00,0.4843310073260696,0.7130547761763764,0.1,0.5556364849437072,0,0,1.21009879
2022-03-26 18:23:00,0.4675699666706864,0.6729757059479582,0.1,0.5348675372654822,0,0,1.21009879
2022-03-26 18:24:00,0.5450448418814582,0.6358305077060864,0.1,0.6086278926520668,0,0,1.21009879
2022-03-26 18:25:00,0.6251678876167489,0.6793168828411175,0.1,0.6930995759008607,0,0,1.21009879
2022-03-26 18:26:00,0.671465777696959,0.6539401619489369,0.1,0.7368597938918527,0,0,1.21009879
2022-03-26 18:27:00,0.7207075855020252,0.373127688371879,0.1,0.7580203543392131,0,0,1.21009879
2022-03-26 18:28:00,0.7135677716928659,0.6924335224670193,0.1,0.7828111239395679,0,0,1.21009879
2022-03-26 18:29:00,0.639215129920413,0.6871585100359334,0.1,0.7079309809240063,0,0,1.21009879
2022-03-26 18:30:00,0.6128002521497784,0.6648743328651859,0.1,0.679287685436297,0,0,1.21009879
2022-03-26 18:31:00,0.5569020036216897,0.7150568274557677,0.1,0.6284076863672665,0,0,1.21009879
2022-03-26 18:32:00,0.7543685450283744,0.6515252444080694,0.1,0.8195210694691812,0,0,1.21009879
2022-03-26 18:33:00,1.031407065858449,0.715808983702766,0.1,1.1029879642287257,0,0,1.21009879
2022-03-26 18:34:00,0.5645842364414808,0.6891582774447312,0.1,0.633500064185954,0,0,1.21009879
2022-03-26 18:35:00,0.7689165556773871,0.6413420403781424,0.1,0.8330507597152014,0,0,1.21009879
2022-03-26 18:36:00,0.9336540019585908,0.6551641093063091,0.1,0.9991704128892217,0,0,1.21009879
2022-03-26 18:37:00,0.6853002751171288,0.5875101288910093,0.1,0.7440512880062297,0,0,1.21009879
2022-03-26 18:38:00,0.6630288423547529,0.6962766664233158,0.1,0.7326565089970845,0,0,1.21009879
2022-03-26 18:39:00,0.6039617609611708,0.7179888302591042,0.1,0.6757606439870812,0,0,1.21009879
2022-03-26 18:40:00,0.6406273409370202,0.6841915811770806,0.1,0.7090464990547283,0,0,1.21009879
2022-03-26 18:41:00,0.4789967415305013,0.7019998898785994,0.1,0.5491967305183613,0,0,1.21009879
2022-03-26 18:42:00,1.0054368587333518,0.5775949265434509,0.1,1.0631963513876967,0,0,1.21009879
2022-03-26 18:43:00,0.5793102651376917,0.6688051645178209,0.1,0.6461907815894737,0,0,1.21009879
2022-03-26 18:44:00,0.47885074597633,0.6712667930085292,0.1,0.545977425277183,0,0,1.21009879
2022-03-26 18:45:00,0.6367146279255806,0.6409531317668921,0.1,0.7008099411022699,0,0,1.21009879
2022-03-26 18:46:00,0.4781073612198508,0.6911132061966192,0.1,0.5472186818395127,0,0,1.21009879
2022-03-26 18:47:00,0.6247327650830291,0.639166583203866,0.1,0.6886494234034157,0,0,1.21009879
2022-03-26 18:48:00,0.6179007677091923,0.6676370011603366,0.1,0.684664467825226,0,0,1.21009879
2022-03-26 18:49:00,0.6805422617129812,0.6362758162834982,0.1,0.744169843341331,0,0,1.21009879
2022-03-26 18:50:00,0.5723675785341689,0.6393660212940354,0.1,0.6363041806635724,0,0,1.21009879
2022-03-26 18:51:00,0.5861983978441397,0.6753770807299703,0.1,0.6537361059171367,0,0,1.21009879
2022-03-26 18:52:00,4.348770698502888,0.6657107411133802,0.1,4.415341772614227,1,1,1.21009879
2022-03-26 18:53:00,4.660405190275986,0.6828840315050279,0.1,4.728693593426489,1,1,1.21009879
2022-03-26 18:54:00,4.8310678581909565,0.6754839554107676,0.1,4.898616253732033,1,1,1.21009879
2022-03-26 18:55:00,5.149371882612504,0.6277891451918796,0.1,5.2121507971316925,1,1,1.21009879
2022-03-26 18:56:00,5.079364733064305,0.7113502681352012,0.1,5.1504997598778255,1,1,1.21009879
2022-03-26 18:57:00,1.7407335066652794,0.597305458249836,0.1,1.800464052490263,1,1,1.21009879
2022-03-26 18:58:00,0.9657776401962752,0.6357540290701641,0.1,1.0293530431032916,0,0,1.21009879
2022-03-26 18:59:00,1.0559984089491876,0.678883216178657,0.1,1.1238867305670532,0,0,1.21009879
2022-03-26 19:00:00,0.6924899310500476,0.721630319944248,0.1,0.7646529630444724,0,0,1.21009879
2022-03-26 19:01:00,0.6658828106030322,0.6236862956451594,0.1,0.7282514401675482,0,0,1.21009879
2022-03-26 19:02:00,0.5714824360877507,0.6599413392417331,0.1,0.637476570011924,0,0,1.21009879
2022-03-26 19:03:00,0.5742402710039011,0.7115399294742314,0.1,0.6453942639513242,0,0,1.21009879
2022-03-26 19:04:00,0.7091346809987543,0.6722165287680429,0.1,0.7763563338755586,0,0,1.21009879
2022-03-26 19:05:00,0.8404745352299373,0.6530883746240969,0.1,0.905783372692347,0,0,1.21009879
2022-03-26 19:06:00,0.5237306471398383,0.6956780974917962,0.1,0.5932984568890179,0,0,1.21009879
2022-03-26 19:07:00,0.6248989938761372,0.6911569810371487,0.1,0.6940146919798521,0,0,1.21009879
2022-03-26 19:08:00,0.591388473103285,0.5988721605911134,0.1,0.6512756891623963,0,0,1.21009879
2022-03-26 19:09:00,0.99313526900842,0.6275003196919682,0.1,1.0558853009776168,0,0,1.21009879
2022-03-26 19:10:00,0.5427300148977064,0.6898276299763906,0.1,0.6117127778953455,0,0,1.21009879
2022-03-26 19:11:00,0.63054114407147,0.6240980286405415,0.1,0.6929509469355242,0,0,1.21009879
2022-03-26 19:12:00,0.6215160333012613,0.6355272219617127,0.1,0.6850687554974325,0,0,1.21009879
2022-03-26 19:13:00,0.5382570646850523,0.6810992218931093,0.1,0.6063669868743632,0,0,1.21009879
2022-03-26 19:14:00,0.611667904415183,0.7274917331491753,0.1,0.6844170777301005,0,0,1.21009879
2022-03-26 19:15:00,0.8553752260106978,0.6350229227109073,0.1,0.9188775182817885,0,0,1.21009879
2022-03-26 19:16:00,0.7043694592912084,0.6961290988245586,0.1,0.7739823691736643,0,0,1.21009879
2022-03-26 19:17:00,0.9107680809290186,0.6829557974723781,0.1,0.9790636606762564,0,0,1.21009879
2022-03-26 19:18:00,0.7542900856005614,0.6410643548319104,0.1,0.8183965210837525,0,0,1.21009879
2022-03-26 19:19:00,0.5457724082277282,0.6074163238662506,0.1,0.6065140406143532,0,0,1.21009879
2022-03-26 19:20:00,0.6688157036931313,0.6775435293952191,0.1,0.7365700566326532,0,0,1.21009879
2022-03-26 19:21:00,0.6904822050381335,0.6849998711302714,0.1,0.7589821921511607,0,0,1.21009879
2022-03-26 19:22:00,0.6887800362091728,0.6839646132412258,0.1,0.7571764975332954,0,0,1.21009879
2022-03-26 19:23:00,0.4585241130565145,0.593894885383825,0.1,0.5179136015948971,0,0,1.21009879
2022-03-26 19:24:00,0.5652020922893721,0.7075597556156229,0.1,0.6359580678509344,0,0,1.21009879
2022-03-26 19:25:00,0.8374068833561141,0.6179697299619824,0.1,0.8992038563523124,0,0,1.21009879
2022-03-26 19:26:00,0.5414429051505185,0.5854500285863505,0.1,0.5999879080091536,0,0,1.21009879
2022-03-26 19:27:00,0.9478839762946936,0.7022371055321772,0.1,1.0181076868479113,0,0,1.21009879
2022-03-26 19:28:00,0.5152456611815908,0.6939194819792062,0.1,0.5846376093795114,0,0,1.21009879
2022-03-26 19:29:00,1.5369608063437974,0.6497389654872798,0.1,1.6019347028925255,0,1,1.21009879
2022-03-26 19:30:00,0.9798289983308992,0.7269085192729206,0.1,1.0525198502581912,0,0,1.21009879
2022-03-26 19:31:00,0.679857003923877,0.6848424809197634,0.1,0.7483412520158534,0,0,1.21009879
2022-03-26 19:32:00,0.7576097159727441,0.5875235471761987,0.1,0.8163620706903639,0,0,1.21009879
2022-03-26 19:33:00,0.7299257277982968,0.598793355689264,0.1,0.7898050633672232,0,0,1.21009879
2022-03-26 19:34:00,0.4683712865067239,0.65982029482154,0.1,0.5343533159888779,0,0,1.21009879
2022-03-26 19:35:00,0.5980563160586337,0.6908295846687375,0.1,0.6671392745255075,0,0,1.21009879
2022-03-26 19:36:00,0.5236639581870717,0.694241286849195,0.1,0.5930880868719912,0,0,1.21009879
2022-03-26 19:37:00,0.6467058389999095,0.6253315324662286,0.1,0.7092389922465324,0,0,1.21009879
2022-03-26 19:38:00,0.6427306944739715,0.6790526436045653,0.1,0.710635958834428,0,0,1.21009879
2022-03-26 19:39:00,0.7845439028931553,0.6307209551854505,0.1,0.8476159984117004,0,0,1.21009879
2022-03-26 19:40:00,0.7565228467045153,0.4566575875094701,0.1,0.8021886054554623,0,0,1.21009879
2022-03-26 19:41:00,0.5612773853788727,0.6798447635148028,0.1,0.629261861730353,0,0,1.21009879
2022-03-26 19:42:00,0.5046015592280773,0.6874988870983487,0.1,0.5733514479379122,0,0,1.21009879
2022-03-26 19:43:00,0.6763076107445612,0.685028849393466,0.1,0.7448104956839079,0,0,1.21009879
2022-03-26 19:44:00,0.6896315286515096,0.6920914220185925,0.1,0.7588406708533688,0,0,1.21009879
2022-03-26 19:45:00,0.6553006834467477,0.7227042312685245,0.1,0.7275711065736001,0,0,1.21009879
2022-03-26 19:46:00,0.576179282159318,0.6644829217457728,0.1,0.6426275743338953,0,0,1.21009879
2022-03-26 19:47:00,0.975367302151575,0.634555403364443,0.1,1.0388228424880193,0,0,1.21009879
2022-03-26 19:48:00,0.591373341706749,0.6486357658583704,0.1,0.6562369182925861,0,0,1.21009879
2022-03-26 19:49:00,0.5195756458649932,0.6731303369754766,0.1,0.5868886795625409,0,0,1.21009879
2022-03-26 19:50:00,0.6701459085492203,0.602685919935381,0.1,0.7304145005427584,0,0,1.21009879
2022-03-26 19:51:00,0.5962025380931356,0.6351360306524626,0.1,0.6597161411583818,0,0,1.21009879
2022-03-26 19:52:00,0.5616752327987613,0.662487937737313,0.1,0.6279240265724926,0,0,1.21009879
2022-03-26 19:53:00,0.5556490687695953,0.7081831426892155,0.1,0.6264673830385168,0,0,1.21009879
2022-03-26 19:54:00,0.5074864574566937,0.676268306696111,0.1,0.5751132881263048,0,0,1.21009879
2022-03-26 19:55:00,0.4592817841467183,0.6677234771295071,0.1,0.526054131859669,0,0,1.21009879
2022-03-26 19:56:00,0.5837590797460165,0.6388132532559743,0.1,0.6476404050716139,0,0,1.21009879
2022-03-26 19:57:00,0.4301082998015647,0.6617777953479986,0.1,0.49628607933636454,0,0,1.21009879
2022-03-26 19:58:00,0.6581091636394285,0.6499438286225628,0.1,0.7231035465016848,0,0,1.21009879
2022-03-26 19:59:00,0.7201589724996157,0.5949952408333511,0.1,0.7796584965829508,0,0,1.21009879
2022-03-26 20:00:00,0.5241165940094078,0.661185347523771,0.1,0.5902351287617849,0,0,1.21009879
2022-03-26 20:01:00,0.5868952769663944,0.7373592708428066,0.1,0.6606312040506751,0,0,1.21009879
2022-03-26 20:02:00,0.7855202493160411,0.7202133321113207,0.1,0.8575415825271732,0,0,1.21009879
2022-03-26 20:03:00,0.5256592393199255,0.6559690949369621,0.1,0.5912561488136218,0,0,1.21009879
2022-03-26 20:04:00,0.6372888993337563,0.66870347703546,0.1,0.7041592470373024,0,0,1.21009879
2022-03-26 20:05:00,0.5307824988187201,0.6583786353573329,0.1,0.5966203623544534,0,0,1.21009879
2022-03-26 20:06:00,0.5137640198132843,0.6197911985972832,0.1,0.5757431396730126,0,0,1.21009879
2022-03-26 20:07:00,0.4693149683594254,0.6652043133177754,0.1,0.5358353996912029,0,0,1.21009879
2022-03-26 20:08:00,0.7197647263500564,0.6816924119089421,0.1,0.7879339675409506,0,0,1.21009879
2022-03-26 20:09:00,0.4964504154610445,0.652290941830714,0.1,0.561679509644116,0,0,1.21009879
2022-03-26 20:10:00,0.401370809028923,0.6862845970941075,0.1,0.46999926873833375,0,0,1.21009879
2022-03-26 20:11:00,0.4057951893965424,0.7142603723707077,0.1,0.4772212266336132,0,0,1.21009879
2022-03-26 20:12:00,0.960057231172284,0.6241580046209318,0.1,1.0224730316343773,0,0,1.21009879
2022-03-26 20:13:00,0.6991078113715422,0.6747993106316666,0.1,0.7665877424347088,0,0,1.21009879
2022-03-26 20:14:00,0.4449239693647726,0.6640989105158824,0.1,0.5113338604163609,0,0,1.21009879
2022-03-26 20:15:00,0.5637412571424217,0.5745332505812075,0.1,0.6211945822005425,0,0,1.21009879
2022-03-26 20:16:00,0.5180656312023739,0.6572190815229058,0.1,0.5837875393546645,0,0,1.21009879
2022-03-26 20:17:00,0.4134612413780271,0.6786048272169252,0.1,0.48132172409971963,0,0,1.21009879
2022-03-26 20:18:00,0.5934521368674394,0.6575549592779482,0.1,0.6592076327952342,0,0,1.21009879
2022-03-26 20:19:00,0.5519344942750306,0.680439868858794,0.1,0.61997848116091,0,0,1.21009879
2022-03-26 20:20:00,0.5630728033506234,0.6180033972824572,0.1,0.6248731430788691,0,0,1.21009879
2022-03-26 20:21:00,0.4976941840891006,0.694655144563716,0.1,0.5671596985454722,0,0,1.21009879
2022-03-26 20:22:00,0.7869560856770534,0.5646334900256137,0.1,0.8434194346796148,0,0,1.21009879
2022-03-26 20:23:00,0.5461820252974774,0.6123112695784503,0.1,0.6074131522553224,0,0,1.21009879
2022-03-26 20:24:00,0.4597106330200424,0.6745587322803711,0.1,0.5271665062480795,0,0,1.21009879
2022-03-26 20:25:00,0.3612578996927491,0.6848669675870049,0.1,0.4297445964514496,0,0,1.21009879
2022-03-26 20:26:00,0.451932738865944,0.6686290649492495,0.1,0.518795645360869,0,0,1.21009879
2022-03-26 20:27:00,0.4152321062617394,0.6472396771576194,0.1,0.47995607397750134,0,0,1.21009879
2022-03-26 20:28:00,0.499364968529,0.6680504183487108,0.1,0.566170010363871,0,0,1.21009879
2022-03-26 20:29:00,0.4851185863672556,0.6892012950361334,0.1,0.554038715870869,0,0,1.21009879
